INSERT INTO MsStaffPosition VALUES
('SP997', 'Manager'),
('SP412', 'Finance'),
('SP613', 'Customer Service'),
('SP214', 'Cashier'),
('SP531', 'Data Analyst'),
('SP652', 'Marketing Coordinator'),
('SP672', 'Secretary'),
('SP112', 'Bartender'),
('SP221', 'Hosts'),
('SP222', 'Hostress');

INSERT INTO MsStaff VALUES
('ST001', 'Reinaldo Bong', '2005-01-11', 'Male', 'SP997'),
('ST002', 'Cyndi Caroline Wen', '2005-10-14', 'Female', 'SP672'),
('ST003', 'Aston Alexander Chandra', '2005-08-30', 'Male', 'SP652'),
('ST004', 'Ray Benedict Susanto', '2005-01-01', 'Male', 'SP531'),
('ST005', 'Alaska Frederick', '2004-05-27', 'Male', 'SP613'),
('ST006', 'Zania Kirana', '2005-01-10', 'Female', 'SP613'),
('ST007', 'Yunita Indrawani', '2003-07-09', 'Female', 'SP531'),
('ST008', 'Renata Tjahjadi', '2005-07-20', 'Female', 'SP652'),
('ST009', 'Bunga Lestari', '1996-06-06', 'Female', 'SP214'),
('ST010', 'Kevin Enricco', '2005-05-20', 'Male', 'SP112'),
('ST011', 'Dustin Santiago', '1994-07-29', 'Male', 'SP221'),
('ST012', 'Irene Tanjaya', '1992-12-02', 'Female', 'SP222'),
('ST013', 'Zane Donner', '2002-05-06', 'Male', 'SP652'),
('ST014', 'Paula Lo', '1995-01-02', 'Female', 'SP214'),
('ST015', 'Gina Juanda', '1998-10-19', 'Female', 'SP531'),
('ST016', 'Randy Dira Kirawan', '1999-09-09', 'Male', 'SP652'),
('ST017', 'Orlando Jeki', '1997-11-08', 'Male', 'SP112'),
('ST018', 'Fania Mulya', '2001-04-07', 'Female', 'SP112'),
('ST019', 'Diana Kanara', '2001-03-10', 'Female', 'SP531'),
('ST020', 'Karina Hu', '2002-12-09', 'Female', 'SP652');

INSERT INTO MsDrinkType VALUES
('DT001', 'Tea'),
('DT002', 'Coffee'),
('DT003', 'Mocktail'),
('DT004', 'Smoothie'),
('DT005', 'Juice'),
('DT006', 'Soda'),
('DT007', 'Milkshake'),
('DT008', 'Boba'),
('DT009', 'Cocktail'),
('DT010', 'Alcohol');

INSERT INTO MsDrink VALUES
('DR001', 'Herbal Tea', 15000, 1000, 'DT001'),
('DR002', 'Green Tea', 15000, 1000, 'DT001'),
('DR003', 'Jasmine Tea', 15000, 1000, 'DT001'),
('DR004', 'Americano Coffee', 18000, 1000, 'DT002'),
('DR005', 'Espresso Coffee', 21000, 1000, 'DT002'),
('DR006', 'Caramel Macchiato', 25000, 1000, 'DT002'),
('DR007', 'Tropical Mocktail', 45000, 750, 'DT003'),
('DR008', 'Pomegranate Spritzer', 48000, 750, 'DT003'),
('DR009', 'Mint Mojito', 50000, 750, 'DT003'),
('DR010', 'Protein Smoothie', 18000, 1000, 'DT004'),
('DR011', 'Pina Colada Smoothie', 20000, 1000, 'DT004'),
('DR012', 'Mixed Berry Smoothie', 22000, 1000, 'DT004'),
('DR013', 'Banana Juice', 15000, 1000, 'DT005'),
('DR014', 'Dragon Fruit Juice', 15000, 1000, 'DT005'),
('DR015', 'Avocado Juice', 15000, 1000, 'DT005'),
('DR016', 'Coca-Cola Soda', 15000, 1000, 'DT006'),
('DR017', 'Fanta Soda', 15000, 1000, 'DT006'),
('DR018', 'Sprite Soda', 15000, 1000, 'DT006'),
('DR019', 'Chocolate Milkshake', 20000, 1000, 'DT007'),
('DR020', 'Vanilla Milkshake', 20000, 1000, 'DT007'),
('DR021', 'Cookies and Cream', 20000, 1000, 'DT007'),
('DR022', 'Brown Sugar Milk Tea Boba Series', 15000, 750, 'DT008'),
('DR023', 'Hokkaido Boba Series', 15000, 750, 'DT008'),
('DR024', 'Earl Grey Boba Series', 15000, 750, 'DT008'),
('DR025', 'Gin and Tonic', 50000, 500, 'DT009'),
('DR026', 'Margarita Cocktail', 52000, 500, 'DT009'),
('DR027', 'Whiskey Sour Cocktail', 55000, 500, 'DT009'),
('DR028', 'Red Wine', 60000, 200, 'DT010'),
('DR029', 'Tequila Alcohol', 60000, 200, 'DT010'),
('DR030', 'Champagne Alcohol', 60000, 200, 'DT010');

INSERT INTO MsCityDetail VALUES
('CI001', 'Jakarta Village'),
('CI002', 'Tangerang Village'),
('CI003', 'Bogor Village'),
('CI004', 'Bandung Village'),
('CI005', 'Surabaya Village'),
('CI006', 'Pontianak Village'),
('CI007', 'Bandar Lampung Village'),
('CI008', 'Denpasar Village'),
('CI009', 'Batam Village'),
('CI010', 'Samarinda Village');

INSERT INTO MsMembership VALUES
('ME125', '2021-10-13', '2022-10-13'),
('ME172', '2021-10-16', '2022-10-16'),
('ME267', '2021-10-28', '2022-10-28'),
('ME290', '2021-11-05', '2022-11-05'),
('ME358', '2021-11-15', '2022-11-15'),
('ME372', '2021-11-26', '2022-11-26'),
('ME419', '2021-12-07', '2022-12-07'),
('ME471', '2021-12-15', '2022-12-15'),
('ME555', '2021-12-23', '2022-12-23'),
('ME590', '2021-12-30', '2022-12-30'),
('ME694', '2022-01-06', '2023-01-06'),
('ME782', '2022-01-14', '2023-01-14'),
('ME851', '2022-01-26', '2023-01-26'),
('ME890', '2022-01-29', '2023-01-29'),
('ME900', '2022-02-08', '2023-02-08'),
('ME915', '2022-02-12', '2023-02-12'),
('ME936', '2022-02-17', '2023-02-17'),
('ME954', '2022-02-24', '2023-02-24'),
('ME978', '2022-03-04', '2023-03-04'),
('ME985', '2022-03-07', '2023-03-07');

INSERT INTO MsCustomer VALUES
('CU001', 'Wilbert Jovan', '2005-10-20', 'Male', '21 Jelupang Street', 'CI002', 'ME125'),
('CU002', 'Gracela Triana', '2005-07-17', 'Female', '10 Puncak Hill', 'CI003', 'ME172'),
('CU003', 'William Censaka', '2005-11-09', 'Male', '5 Sutomo Road', 'CI010', 'ME267'),
('CU004', 'Christian Febrianto', '2005-02-25', 'Male', '14 Weston Lane', 'CI002', 'ME290'),
('CU005', 'Jocelyn Arwen', '2005-10-13', 'Female', '42 Hasanudin Lane', 'CI004', 'ME358'),
('CU006', 'Cindy Wibisono', '2005-07-24', 'Female', '17 Senayan Center', 'CI001', 'ME372'),
('CU007', 'Agnes', '2005-05-13', 'Female', '9 Podomoro Park Street', 'CI004', 'ME419'),
('CU008', 'Arron Antonio', '2004-09-03', 'Male', '3 Gianyar Avenue', 'CI005', 'ME471'),
('CU009', 'Maryellen Sulaksono', '2005-02-15', 'Female', '16 Nusa Village', 'CI009', 'ME555'),
('CU010', 'Christopher Reyner', '2005-07-18', 'Male', '9 Sunter Village', 'CI001', 'ME590'),
('CU011', 'Justin Christopher', '2005-12-08', 'Male', '15 Latisha Terrace', 'CI006', 'ME694'),
('CU012', 'Joshua Viorano', '2005-01-12', 'Male', '23 Sutera East Path', 'CI002', 'ME782'),
('CU013', 'Delenvya Savinka', '2005-02-11', 'Female', '1 Hero Sky Avenue', 'CI007', 'ME851'),
('CU014', 'Felita Lustiyani', '2004-11-26', 'Female', '7 Tanah Lot Hill', 'CI008', 'ME890'),
('CU015', 'Ferrel Schmuel', '2005-11-25', 'Male', '8 Gading Kirana Road', 'CI001', 'ME900'),
('CU016', 'Kevin Nathanael', '2005-10-20', 'Male', '19 Danau Indah Village', 'CI001', 'ME915'),
('CU017', 'Stefanie Drucella', '2004-12-01', 'Female', '6 Sei Beduk Street', 'CI009', 'ME936'),
('CU018', 'Valencia Aurellia', '2005-09-28', 'Female', '10 Istimewa Center', 'CI010', 'ME954'),
('CU019', 'Raymond Richardson', '2005-10-21', 'Male', '20 Pancasila Road', 'CI006', 'ME978'),
('CU020', 'Jodan Jaya', '2005-10-10', 'Male', '8 Divena Avenue', 'CI002', 'ME985');